url,main_speaker,tags,title,views,[features]
https://www.ted.com/talks/the_inspiration_of_second_life\n,Philip Rosedale,"cities,communication,community,computers,entertainment,entrepreneur,life,technology,virtual reality",Life in Second Life,554794,"isCategory=0.0,views=554794.0,original_score=2.3683949"
https://www.ted.com/talks/martin_hanczyc_the_line_between_life_and_not_life\n,Martin Hanczyc,"AI,biology,chemistry,ecology,evolution,human origins,innovation,life,molecular biology,nanoscale,science",The line between life and not-life,720940,"isCategory=0.0,views=720940.0,original_score=2.0585527"
https://www.ted.com/talks/rick_warren_on_a_life_of_purpose\n,Rick Warren,"Christianity,God,culture,happiness,leadership,motivation,philanthropy,religion",A life of purpose,3095993,"isCategory=1.0,views=3095993.0,original_score=1.8149393"
https://www.ted.com/talks/richard_branson_s_life_at_30_000_feet\n,Richard Branson,"aircraft,business,entertainment,entrepreneur,global issues,interview,music,space,technology","Life at 30\,000 feet",1609555,"isCategory=0.0,views=1609555.0,original_score=1.8149393"
https://www.ted.com/talks/ben_dunlap_talks_about_a_passionate_life\n,Bernie Dunlap,"culture,education,entertainment,library,literature,race,storytelling",The life-long learner,1854024,"isCategory=0.0,views=1854024.0,original_score=1.8149393"
https://www.ted.com/talks/jane_poynter_life_in_biosphere_2\n,Jane Poynter,"TEDx,adventure,biotech,climate change,ecology,environment,space",Life in Biosphere 2,843719,"isCategory=0.0,views=843719.0,original_score=1.8149393"
https://www.ted.com/talks/gever_tulley_s_tinkering_school_in_action\n,Gever Tulley,"children,creativity,design,education,innovation,invention",Life lessons through tinkering,1149257,"isCategory=0.0,views=1149257.0,original_score=1.8149393"
https://www.ted.com/talks/nalini_nadkarni_life_science_in_prison\n,Nalini Nadkarni,"crime,ecology,environment,green,nature,plants,prison,social change,trees",Life science in prison,426610,"isCategory=0.0,views=426610.0,original_score=1.8149393"
https://www.ted.com/talks/matthew_carter_my_life_in_typefaces\n,Matthew Carter,"design,industrial design,typography",My life in typefaces,1112914,"isCategory=0.0,views=1112914.0,original_score=1.8149393"
https://www.ted.com/talks/joe_madiath_better_toilets_better_life\n,Joe Madiath,"global development,sanitation,water","Better toilets\, better life",976621,"isCategory=0.0,views=976621.0,original_score=1.8149393"
https://www.ted.com/talks/david_gallo_on_life_in_the_deep_oceans\n,David Gallo,"animals,geology,life,oceans,science,submarine,technology",Life in the deep oceans,996736,"isCategory=0.0,views=996736.0,original_score=1.6853454"
https://www.ted.com/talks/david_perry_on_videogames\n,David Perry,"business,design,entertainment,gaming,technology",Are games better than life?,1084634,"isCategory=0.0,views=1084634.0,original_score=1.6853454"
https://www.ted.com/talks/jesse_schell_when_games_invade_real_life\n,Jesse Schell,"business,consumerism,design,entertainment,gaming,technology",When games invade real life,449161,"isCategory=0.0,views=449161.0,original_score=1.6853454"
https://www.ted.com/talks/natalie_merchant_sings_old_poems_to_life\n,Natalie Merchant,"literature,music,performance,poetry",Singing old poems to life,860139,"isCategory=0.0,views=860139.0,original_score=1.6853454"
https://www.ted.com/talks/craig_venter_unveils_synthetic_life\n,Craig Venter,"DNA,biology,business,genetics,life,science,technology","Watch me unveil ""synthetic life""",1086357,"isCategory=0.0,views=1086357.0,original_score=1.6853454"
https://www.ted.com/talks/chip_conley_measuring_what_makes_life_worthwhile\n,Chip Conley,"Buddhism,business,economics,happiness,money,psychology",Measuring what makes life worthwhile,2785058,"isCategory=0.0,views=2785058.0,original_score=1.6853454"
https://www.ted.com/talks/beverly_dereck_joubert_life_lessons_from_big_cats\n,Beverly + Dereck Joubert,"Africa,animals,environment,film,global issues,photography",Life lessons from big cats,858303,"isCategory=0.0,views=858303.0,original_score=1.6853454"
https://www.ted.com/talks/jacqueline_novogratz_inspiring_a_life_of_immersion\n,Jacqueline Novogratz,"culture,economics,global issues,investment,women in business",Inspiring a life of immersion,861056,"isCategory=0.0,views=861056.0,original_score=1.6853454"
https://www.ted.com/talks/christophe_adami_finding_life_we_can_t_imagine\n,Christoph Adami,"TEDx,bacteria,biology,evolution,life,science",Finding life we can't imagine,598693,"isCategory=0.0,views=598693.0,original_score=1.6853454"
https://www.ted.com/talks/the_secret_life_of_plankton\n,Tierney Thys +  Plankton Chronicles Project,"TED-Ed,oceans",The secret life of plankton,197120,"isCategory=0.0,views=197120.0,original_score=1.6853454"
https://www.ted.com/talks/hannah_fry_is_life_really_that_complex\n,Hannah Fry,"TEDx,algorithm,anthropology,behavioral economics,biomimicry,complexity,crime,culture,decision-making,economics,life,math,physics,population,prediction,science,sociology",Is life really that complex?,353350,"isCategory=0.0,views=353350.0,original_score=1.6853454"
https://www.ted.com/talks/abha_dawesar_life_in_the_digital_now\n,Abha Dawesar,"communication,culture,entertainment,storytelling,technology","Life in the ""digital now""",1245695,"isCategory=0.0,views=1245695.0,original_score=1.6853454"
https://www.ted.com/talks/amy_smith_shares_simple_lifesaving_design\n,Amy Smith,"MacArthur grant,alternative energy,design,engineering,global issues,industrial design,invention,simplicity",Simple designs to save a life,1415724,"isCategory=0.0,views=1415724.0,original_score=1.5730252"
https://www.ted.com/talks/frans_lanting_s_lyrical_nature_photos\n,Frans Lanting,"animals,art,design,evolution,fish,nature,photography,storytelling",The story of life in photographs,1697185,"isCategory=0.0,views=1697185.0,original_score=1.5730252"
https://www.ted.com/talks/matthew_childs_9_rules_of_rock_climbing\n,Matthew Childs,"adventure,entertainment,environment,nature",9 life lessons from rock climbing,739690,"isCategory=0.0,views=739690.0,original_score=1.5730252"
https://www.ted.com/talks/carolyn_porco_could_a_saturn_moon_harbor_life\n,Carolyn Porco,"Planets,astronomy,exploration,life,science,solar system,space,technology",Could a Saturn moon harbor life?,884578,"isCategory=0.0,views=884578.0,original_score=1.5730252"
https://www.ted.com/talks/garik_israelian_what_s_inside_a_star\n,Garik Israelian,"astronomy,chemistry,life,science,technology,telescopes,universe",How spectroscopy could reveal alien life,593547,"isCategory=0.0,views=593547.0,original_score=1.5730252"
https://www.ted.com/talks/rory_sutherland_life_lessons_from_an_ad_man\n,Rory Sutherland,"advertising,business,consumerism,creativity,economics,happiness,life,psychology",Life lessons from an ad man,2882836,"isCategory=0.0,views=2882836.0,original_score=1.5730252"
https://www.ted.com/talks/cat_laine_engineering_a_better_life_for_all\n,Cat Laine,"business,creativity,engineering,global development,infrastructure,innovation,poverty",Engineering a better life for all,154698,"isCategory=0.0,views=154698.0,original_score=1.5730252"
https://www.ted.com/talks/edith_widder_glowing_life_in_an_underwater_world\n,Edith Widder,"animals,design,exploration,fish,mission blue,oceans,science,technology",Glowing life in an underwater world,579754,"isCategory=0.0,views=579754.0,original_score=1.5730252"
https://www.ted.com/talks/kelli_swazey_life_that_doesn_t_end_with_death\n,Kelli Swazey,"death,world cultures",Life that doesn't end with death,1538661,"isCategory=0.0,views=1538661.0,original_score=1.5730252"
https://www.ted.com/talks/kevin_briggs_the_bridge_between_suicide_and_life\n,Kevin Briggs,"culture,depression,mental health,suicide",The bridge between suicide and life,2500023,"isCategory=0.0,views=2500023.0,original_score=1.5730252"
https://www.ted.com/talks/mileha_soneji_simple_hacks_for_life_with_parkinson_s\n,Mileha Soneji,"TEDx,creativity,curiosity,design,empathy,family,illusion,india,innovation,invention,mobility,motivation,product design,simplicity",Simple hacks for life with Parkinson's,854226,"isCategory=1.0,views=854226.0,original_score=1.5730252"
https://www.ted.com/talks/rhiannon_giddens_3_songs_that_bring_history_to_life\n,Rhiannon Giddens,"history,live music,music",Songs that bring history to life,946815,"isCategory=0.0,views=946815.0,original_score=1.5730252"
https://www.ted.com/talks/helen_czerski_fun_home_experiments_that_teach_you_physics\n,Helen Czerski,"TEDx,physics,play,science",The fascinating physics of everyday life,656791,"isCategory=0.0,views=656791.0,original_score=1.5730252"
https://www.ted.com/talks/e_o_wilson_on_saving_life_on_earth\n,E.O. Wilson,"TED Prize,ants,biodiversity,biology,ecology,global issues,insects,nature,science,technology",My wish: Build the Encyclopedia of Life,1335732,"isCategory=0.0,views=1335732.0,original_score=1.474741"
https://www.ted.com/talks/theo_jansen_creates_new_creatures\n,Theo Jansen,"animals,art,biomechanics,creativity,demo,design,entertainment,science and art,technology","My creations\, a new form of life",3982352,"isCategory=0.0,views=3982352.0,original_score=1.474741"
https://www.ted.com/talks/craig_venter_is_on_the_verge_of_creating_synthetic_life\n,Craig Venter,"alternative energy,creativity,energy,genetics,global issues,invention,science,technology",On the verge of creating synthetic life,1004893,"isCategory=0.0,views=1004893.0,original_score=1.474741"
https://www.ted.com/talks/penelope_boston\n,Penelope Boston,"Mars,Planets,exploration,extraterrestrial life,geology,life,science,solar system,technology,universe",There might just be life on Mars,651151,"isCategory=0.0,views=651151.0,original_score=1.474741"
https://www.ted.com/talks/nigel_marsh_how_to_make_work_life_balance_work\n,Nigel Marsh,"TEDx,business,culture,life,motivation,work,work-life balance",How to make work-life balance work,3813685,"isCategory=1.0,views=3813685.0,original_score=1.474741"
https://www.ted.com/talks/mark_bezos_a_life_lesson_from_a_volunteer_firefighter\n,Mark Bezos,"community,compassion,culture",A life lesson from a volunteer firefighter,2178952,"isCategory=0.0,views=2178952.0,original_score=1.474741"
https://www.ted.com/talks/kees_moeliker_how_a_dead_duck_changed_my_life\n,Kees Moeliker,"biology,birds,environment,humor,science,sex",How a dead duck changed my life,1306390,"isCategory=0.0,views=1306390.0,original_score=1.474741"
https://www.ted.com/talks/juan_enriquez_how_to_think_about_digital_tattoos\n,Juan Enriquez,"TED Brain Trust,culture,security,social media,technology","Your online life\, permanent as a tattoo",1567528,"isCategory=0.0,views=1567528.0,original_score=1.474741"
https://www.ted.com/talks/judy_macdonald_johnston_prepare_for_a_good_end_of_life\n,Judy MacDonald Johnston,"aging,culture,death,humanity,life",Prepare for a good end of life,1467971,"isCategory=0.0,views=1467971.0,original_score=1.474741"
https://www.ted.com/talks/roberto_d_angelo_francesca_fedeli_in_our_baby_s_illness_a_life_lesson\n,Roberto D'Angelo + Francesca Fedeli,"children,health care,parenting","In our baby's illness\, a life lesson",1100997,"isCategory=0.0,views=1100997.0,original_score=1.474741"
https://www.ted.com/talks/kitra_cahana_stories_of_the_homeless_and_hidden\n,Kitra Cahana,"TED Fellows,art,global issues,journalism,photography,travel,youth",A glimpse of life on the road,1454663,"isCategory=0.0,views=1454663.0,original_score=1.474741"
https://www.ted.com/talks/bassam_tariq_the_beauty_and_diversity_of_muslim_life\n,Bassam Tariq,"TED Fellows,creativity,film,writing",The beauty and diversity of Muslim life,1356917,"isCategory=0.0,views=1356917.0,original_score=1.474741"
https://www.ted.com/talks/jason_decaires_taylor_an_underwater_art_museum_teeming_with_life\n,Jason deCaires Taylor,"art,creativity,design,ecology,entertainment,fish,life,mission blue,nature,oceans,science and art,water","An underwater art museum\, teeming with life",1446673,"isCategory=0.0,views=1446673.0,original_score=1.474741"
https://www.ted.com/talks/aomawa_shields_how_we_ll_find_life_on_other_planets\n,Aomawa Shields,"Planets,TED Fellows,art,astrobiology,astronomy,children,computers,education,exploration,extraterrestrial life,future,life,space,technology,telescopes,universe,women",How we'll find life on other planets,1526242,"isCategory=0.0,views=1526242.0,original_score=1.474741"
https://www.ted.com/talks/dave_brain_what_a_planet_needs_to_sustain_life\n,Dave Brain,"Mars,Planets,TEDx,astrobiology,cosmos,data,discovery,exploration,extraterrestrial life,future,microbes,science,universe,water",What a planet needs to sustain life,1311426,"isCategory=0.0,views=1311426.0,original_score=1.474741"
https://www.ted.com/talks/emily_esfahani_smith_there_s_more_to_life_than_being_happy\n,Emily Esfahani Smith,"happiness,humanity,personal growth,psychology,relationships,storytelling",There's more to life than being happy,1009069,"isCategory=0.0,views=1009069.0,original_score=1.474741"
https://www.ted.com/talks/juan_enriquez_on_genomics_and_our_future\n,Juan Enriquez,"DNA,TED Brain Trust,biotech,business,culture,genetics,invention,science,technology",The life code that will reshape the future,690928,"isCategory=0.0,views=690928.0,original_score=1.3880162"
https://www.ted.com/talks/stefan_sagmeister_on_what_he_has_learned\n,Stefan Sagmeister,"art,design,education,happiness,humor,work",Things I've learned in my life so far,724833,"isCategory=0.0,views=724833.0,original_score=1.3880162"
https://www.ted.com/talks/anand_varma_a_thrilling_look_at_the_first_21_days_of_a_bee_s_life\n,Anand Varma,"bees,nature,photography",The first 21 days of a bee’s life,2206061,"isCategory=0.0,views=2206061.0,original_score=1.3880162"
https://www.ted.com/talks/bj_miller_what_really_matters_at_the_end_of_life\n,BJ Miller,"death,global issues,health,health care,life,medicine",What really matters at the end of life,6214152,"isCategory=0.0,views=6214152.0,original_score=1.3880162"
https://www.ted.com/talks/kate_adams_4_larger_than_life_lessons_from_soap_operas\n,Kate Adams,"business,personal growth,storytelling,television",4 larger-than-life lessons from soap operas,1381604,"isCategory=0.0,views=1381604.0,original_score=1.3880162"
https://www.ted.com/talks/peter_weinstock_lifelike_simulations_that_make_real_life_surgery_safer\n,Peter Weinstock,"Surgery,TEDx,brain,children,education,future,health care,innovation,medicine,teaching,technology",Lifelike simulations that make real-life surgery safer,882840,"isCategory=0.0,views=882840.0,original_score=1.3880162"
https://www.ted.com/talks/moshe_szyf_how_early_life_experience_is_written_into_dna\n,Moshe Szyf,"DNA,TEDx,animals,biology,biomechanics,cancer,children,disease,genetics,health,life,medicine,nature,pregnancy,primates,science",How early life experience is written into DNA,1128480,"isCategory=0.0,views=1128480.0,original_score=1.3880162"
https://www.ted.com/talks/anne_lamott_12_truths_i_learned_from_life_and_writing\n,Anne Lamott,"Christianity,God,aging,art,beauty,birds,books,communication,family,friendship,funny,humanity,love,personal growth,self,society,writing",12 truths I learned from life and writing,1890978,"isCategory=0.0,views=1890978.0,original_score=1.3880162"
https://www.ted.com/talks/freeman_dyson_says_let_s_look_for_life_in_the_outer_solar_system\n,Freeman Dyson,"Planets,astrobiology,astronomy,biotech,exploration,extraterrestrial life,physics,science,technology,universe",Let's look for life in the outer solar system,895199,"isCategory=0.0,views=895199.0,original_score=1.3109248"
https://www.ted.com/talks/michael_sandel_why_we_shouldn_t_trust_markets_with_our_civic_life\n,Michael Sandel,"Debate,business,social change",Why we shouldn't trust markets with our civic life,1684720,"isCategory=0.0,views=1684720.0,original_score=1.3109248"
https://www.ted.com/talks/the_lady_lifers_a_moving_song_from_women_in_prison_for_life\n,The Lady Lifers,"live music,music,prison",A moving song from women in prison for life,1310078,"isCategory=0.0,views=1310078.0,original_score=1.3109248"
https://www.ted.com/talks/chip_kidd_the_art_of_first_impressions_in_design_and_life\n,Chip Kidd,"TED Books,books,creativity,design,literature",The art of first impressions -- in design and life,1711049,"isCategory=0.0,views=1711049.0,original_score=1.3109248"
https://www.ted.com/talks/danielle_feinberg_the_magic_ingredient_that_brings_pixar_movies_to_life\n,Danielle Feinberg,"art,beauty,code,computers,design,entertainment,film,magic,movies,programming,science,technology,visualizations",The magic ingredient that brings Pixar movies to life,2617414,"isCategory=0.0,views=2617414.0,original_score=1.3109248"
https://www.ted.com/talks/joshua_prager_wisdom_from_great_writers_on_every_year_of_life\n,Joshua Prager,"aging,books,humanity,identity,journalism,language,life,meditation,storytelling,writing",Wisdom from great writers on every year of life,1531062,"isCategory=0.0,views=1531062.0,original_score=1.3109248"
https://www.ted.com/talks/juan_enriquez_we_can_reprogram_life_how_to_do_it_wisely\n,Juan Enriquez,"DNA,biodiversity,biology,brain,conservation,environment,evolution,future,genetics,global issues,history,humanity,life,nature,potential,science,sustainability",We can reprogram life. How to do it wisely,1973225,"isCategory=0.0,views=1973225.0,original_score=1.3109248"
https://www.ted.com/talks/sarah_gray_how_my_son_s_short_life_made_a_lasting_difference\n,Sarah Gray,"TEDMED,children,choice,death,decision-making,family,life,medical research,medicine,parenting,science",How my son's short life made a lasting difference,1431262,"isCategory=0.0,views=1431262.0,original_score=1.3109248"
https://www.ted.com/talks/norman_lear_an_entertainment_icon_on_living_a_life_of_meaning\n,Norman Lear,"activism,communication,creativity,entertainment,family,film,identity,interview,life,motivation,personal growth,social change,television",An entertainment icon on living a life of meaning,1025698,"isCategory=1.0,views=1025698.0,original_score=1.3109248"
https://www.ted.com/talks/jim_yong_kim_doesn_t_everyone_deserve_a_chance_at_a_good_life\n,Jim Yong Kim,"Africa,Internet,big problems,business,capitalism,children,collaboration,communication,economics,future,global development,global issues,goal-setting,government,health,history,humanity,immigration,infrastructure,innovation,investment,politics,potential,refugees,resources,social change,social media,society",Doesn't everyone deserve a chance at a good life?,1342356,"isCategory=0.0,views=1342356.0,original_score=1.3109248"
https://www.ted.com/talks/alix_generous_how_i_learned_to_communicate_my_inner_life_with_asperger_s\n,Alix Generous,"Autism spectrum disorder,communication,empathy,identity,mental health,neuroscience,science,sleep,social change",How I learned to communicate my inner life with Asperger's,1591495,"isCategory=0.0,views=1591495.0,original_score=1.2419465"
https://www.ted.com/talks/jenni_chang_and_lisa_dazols_this_is_what_lgbt_life_is_like_around_the_world\n,Jenni Chang and Lisa Dazols,"Gender equality,LGBT,film,global issues,love,relationships,social change,society,travel",This is what LGBT life is like around the world,1609136,"isCategory=0.0,views=1609136.0,original_score=1.2419465"
https://www.ted.com/talks/james_green_3_moons_and_a_planet_that_could_have_alien_life\n,James Green,"Mars,NASA,astrobiology,astronomy,chemistry,data,extraterrestrial life,innovation,life,microbes,microbiology,nature,physics,science,solar system,technology,universe,water",3 moons and a planet that could have alien life,1465749,"isCategory=0.0,views=1465749.0,original_score=1.2419465"
https://www.ted.com/talks/lucy_kalanithi_what_makes_life_worth_living_in_the_face_of_death\n,Lucy Kalanithi,"TEDMED,cancer,communication,compassion,death,family,health,health care,humanity,illness,love,medicine,meditation,personal growth,poetry,relationships,writing",What makes life worth living in the face of death,1515749,"isCategory=0.0,views=1515749.0,original_score=1.2419465"
https://www.ted.com/talks/susan_pinker_the_secret_to_living_longer_may_be_your_social_life\n,Susan Pinker,"aging,brain,community,family,friendship,health,psychology,society",The secret to living longer may be your social life,1159426,"isCategory=0.0,views=1159426.0,original_score=1.2419465"
https://www.ted.com/talks/jane_mcgonigal_the_game_that_can_give_you_10_extra_years_of_life\n,Jane McGonigal,"aging,body language,cognitive science,compassion,entertainment,gaming,happiness,health,health care,illness,life,medicine,mind,motivation,neuroscience,philosophy,psychology,science,self,social change,social media,technology",The game that can give you 10 extra years of life,6141140,"isCategory=1.0,views=6141140.0,original_score=1.1798639"
https://www.ted.com/talks/julie_taymor_spider_man_the_lion_king_and_life_on_the_creative_edge\n,Julie Taymor,"creativity,entertainment,fear,film,theater","Spider-Man\, The Lion King and life on the creative edge",959460,"isCategory=0.0,views=959460.0,original_score=1.1798639"
https://www.ted.com/talks/aziza_chaouni_how_i_brought_a_river_and_my_city_back_to_life\n,Aziza Chaouni,"TED Fellows,activism,architecture,cities,infrastructure,rivers,sustainability","How I brought a river\, and my city\, back to life",668555,"isCategory=0.0,views=668555.0,original_score=1.1798639"
https://www.ted.com/talks/nathalie_cabrol_how_mars_might_hold_the_secret_to_the_origin_of_life\n,Nathalie Cabrol,"Mars,Planets,astrobiology,exploration,microbiology,solar system,space",How Mars might hold the secret to the origin of life,1131041,"isCategory=0.0,views=1131041.0,original_score=1.1798639"
https://www.ted.com/talks/martin_pistorius_how_my_mind_came_back_to_life_and_no_one_knew\n,Martin Pistorius,"TEDx,brain,communication,health,health care,mind,speech",How my mind came back to life — and no one knew,2094497,"isCategory=0.0,views=2094497.0,original_score=1.1798639"
https://www.ted.com/talks/anne_madden_meet_the_microscopic_life_in_your_home_and_on_your_face\n,Anne Madden,"bacteria,biology,biomechanics,biotech,future,health,innovation,microbes,microbiology,nature,science,technology",Meet the microscopic life in your home -- and on your face,888252,"isCategory=0.0,views=888252.0,original_score=1.1798639"
https://www.ted.com/talks/mechai_viravaidya_how_mr_condom_made_thailand_a_better_place\n,Mechai Viravaidya,"TEDx,culture,global issues,health,population,science",How Mr. Condom made Thailand a better place for life and love,1059098,"isCategory=0.0,views=1059098.0,original_score=1.123693"
https://www.ted.com/talks/robert_waldinger_what_makes_a_good_life_lessons_from_the_longest_study_on_happiness\n,Robert Waldinger,"TEDx,aging,data,friendship,happiness,health,humanity,life,relationships,society,time,work-life balance",What makes a good life? Lessons from the longest study on happiness,16601927,"isCategory=0.0,views=1.6601927E7,original_score=1.123693"
https://www.ted.com/talks/ben_saunders_to_the_south_pole_and_back_the_hardest_105_days_of_my_life\n,Ben Saunders,"adventure,exploration,extreme sports,personal growth,potential",To the South Pole and back — the hardest 105 days of my life,1051196,"isCategory=0.0,views=1051196.0,original_score=1.0726271"
https://www.ted.com/talks/justin_davidson_why_shiny_glass_towers_are_bad_for_city_life\n,Justin Davidson,"TEDNYC,architecture,beauty,cities,community,journalism,materials,public spaces,society,urban planning",Why glass towers are bad for city life -- and what we need instead,1162505,"isCategory=0.0,views=1162505.0,original_score=1.0726271"