[
 {
   "store" : "ted_feature_store",
   "name": "isCategory",
   "class": "org.apache.solr.ltr.feature.SolrFeature",
   "params":{ "fq": ["{!terms f=tags}${category}"] }
 },
{
   "store" : "ted_feature_store",
   "name":  "views",
   "class": "org.apache.solr.ltr.feature.FieldValueFeature",
   "params": {
       "field": "views"
   },
   "norm" : {
    "class" : "org.apache.solr.ltr.norm.MinMaxNormalizer",
    "params" : { "min":"0", "max":"16601927" }
	}
 },
 {
    "store" : "ted_feature_store",
    "name" : "original_score",
    "class" : "org.apache.solr.ltr.feature.OriginalScoreFeature",
    "params" : {}
  }
]