{
  "store" : "ted_feature_store",
  "name" : "ted_model",
  "class" : "org.apache.solr.ltr.model.LinearModel",
  "features" : [
    { "name" : "isCategory" },
    { "name" : "views",
"norm" : {
    "class" : "org.apache.solr.ltr.norm.MinMaxNormalizer",
    "params" : { "min":"0", "max":"16601927" }
	} },
    { "name" : "original_score" }
  ],
  "params" : {
    "weights" : {  
      "isCategory" : 1.82467619,  
      "views" : -0.01235746,  
      "original_score" : -0.23313408
    }
  }
}